[
    {
        "uid": "ryan",
        "password": "ryan"
    },
    {
        "uid": "tom",
        "password": "tom"
    },
    {
        "uid": "r",
        "password": "r"
    },
    {
        "uid": "rap",
        "password": "rap"
    },
    {
        "uid": "tommuuu",
        "password": "tom"
    },
   
    {
        "uid": "rer",
        "password": "aa"
    },
    {
        "uid": "glouglou",
        "password": "bibo"
    },
    {
        "uid": "glou",
        "password": "bibo"
    }
]